Division,Subcategory,Service,Description,Setup / One-time (IDR),Monthly / Annual (IDR),Notes,Source
Divisi 1 - Website & Pengembangan Sistem,Jenis Website,Halaman Arahan / Profil Perusahaan,Situs web 1 halaman untuk promosi merek/jasa/bisnis lokal,Rp 350.000,Rp 150.000/bulan,,https://raw.githubusercontent.com/devintropers97-afk/PROJECT-SITUNEO/refs/heads/main/layanan
Divisi 1 - Website & Pengembangan Sistem,Jenis Website,Situs Web Multi Halaman (Profesional),"4–6 halaman (Beranda, Tentang, Layanan, Galeri, Blog, Kontak) + dasar SEO",Rp 750.000,Rp 250.000/bulan,,https://raw.githubusercontent.com/devintropers97-afk/PROJECT-SITUNEO/refs/heads/main/layanan
Divisi 1 - Website & Pengembangan Sistem,Jenis Website,Situs Web Toko Online (E-Commerce),"Katalog produk, sistem belanja, gateway pembayaran, laporan transaksi",Rp 1.500.000,Rp 350.000/bulan,,https://raw.githubusercontent.com/devintropers97-afk/PROJECT-SITUNEO/refs/heads/main/layanan
Divisi 1 - Website & Pengembangan Sistem,Jenis Website,Website Custom / Sistem Web App,"Fitur sesuai kebutuhan (CRM, ERP, POS, HRIS, portal klien, pemesanan)",Mulai Rp 2.000.000,Rp 500.000–1.000.000/bulan,,https://raw.githubusercontent.com/devintropers97-afk/PROJECT-SITUNEO/refs/heads/main/layanan
Divisi 1 - Website & Pengembangan Sistem,Jenis Website,Website Sekolah / Lembaga / Yayasan,"Profil lembaga, berita, data guru/siswa, sistem nilai & pengumuman",Rp 1.200.000,Rp 400.000/bulan,,https://raw.githubusercontent.com/devintropers97-afk/PROJECT-SITUNEO/refs/heads/main/layanan
Divisi 1 - Website & Pengembangan Sistem,Jenis Website,Portofolio / Personal Branding Website,"Desain modern untuk influencer, desainer, fotografer, konsultan, dll",Rp 700.000,Rp 200.000/bulan,,https://raw.githubusercontent.com/devintropers97-afk/PROJECT-SITUNEO/refs/heads/main/layanan
Divisi 1 - Website & Pengembangan Sistem,Jenis Website,Website AI & Otomasi Bisnis,"Website cerdas dengan chatbot AI, CRM, & analitik dasbor",Rp 2.500.000,Rp 450.000/bulan,,https://raw.githubusercontent.com/devintropers97-afk/PROJECT-SITUNEO/refs/heads/main/layanan
Divisi 1 - Website & Pengembangan Sistem,Fitur Standar,Paket fitur standar,"Responsive, SEO dasar, SSL & keamanan, domain+hosting, Google Maps & WA, email bisnis, integrasi sosmed, maintenance & support",,,Termasuk pada semua paket website,https://raw.githubusercontent.com/devintropers97-afk/PROJECT-SITUNEO/refs/heads/main/layanan
Divisi 1 - Website & Pengembangan Sistem,Add-On,Optimasi Kecepatan Website,Peningkatan kinerja (GTMetrix A+ / PageSpeed 90+),Rp 200.000,,,https://raw.githubusercontent.com/devintropers97-afk/PROJECT-SITUNEO/refs/heads/main/layanan
Divisi 1 - Website & Pengembangan Sistem,Add-On,Pengaturan SSL & Keamanan,"Firewall, anti-hack, proteksi malware, backup harian",Rp 150.000,,,https://raw.githubusercontent.com/devintropers97-afk/PROJECT-SITUNEO/refs/heads/main/layanan
Divisi 1 - Website & Pengembangan Sistem,Add-On,Spesialis SEO (Premium),"Riset kata kunci, on/off page, backlink, laporan bulanan",,Rp 600.000/bulan,,https://raw.githubusercontent.com/devintropers97-afk/PROJECT-SITUNEO/refs/heads/main/layanan
Divisi 1 - Website & Pengembangan Sistem,Add-On,Google My Business (Lokal),Pengaturan lokasi + optimasi lokal,Rp 250.000,,,https://raw.githubusercontent.com/devintropers97-afk/PROJECT-SITUNEO/refs/heads/main/layanan
Divisi 1 - Website & Pengembangan Sistem,Add-On,Gateway Pembayaran,"Integrasi Midtrans, Xendit, DOKU, Tripay, dll",Rp 250.000,,,https://raw.githubusercontent.com/devintropers97-afk/PROJECT-SITUNEO/refs/heads/main/layanan
Divisi 1 - Website & Pengembangan Sistem,Add-On,Chatbot WhatsApp / Chatbot AI,Balasan otomatis 24 jam,,Rp 200.000/bulan,,https://raw.githubusercontent.com/devintropers97-afk/PROJECT-SITUNEO/refs/heads/main/layanan
Divisi 1 - Website & Pengembangan Sistem,Add-On,Dasbor Admin / Klien / Penjualan,Sistem login multi-user & monitoring data,Rp 500.000,,,https://raw.githubusercontent.com/devintropers97-afk/PROJECT-SITUNEO/refs/heads/main/layanan
Divisi 1 - Website & Pengembangan Sistem,Add-On,Sistem CRM (Pelanggan Kelola),"Manajemen pelanggan, prospek, follow-up otomatis",Rp 400.000,,,https://raw.githubusercontent.com/devintropers97-afk/PROJECT-SITUNEO/refs/heads/main/layanan
Divisi 1 - Website & Pengembangan Sistem,Paket Kombinasi,Startup Go Digital,Website Dasar + Domain + SEO Dasar + Tautan WhatsApp,,Rp 200.000/bulan,,https://raw.githubusercontent.com/devintropers97-afk/PROJECT-SITUNEO/refs/heads/main/layanan
Divisi 1 - Website & Pengembangan Sistem,Paket Kombinasi,Bisnis Naik Level,Website Pro + SEO + Copywriting + Iklan Meta + Laporan,,Rp 400.000/bulan,,https://raw.githubusercontent.com/devintropers97-afk/PROJECT-SITUNEO/refs/heads/main/layanan
Divisi 1 - Website & Pengembangan Sistem,Paket Kombinasi,Sistem AI Digital,Website Kustom + CRM + Chatbot AI + Laporan Pemasaran,,Rp 600.000/bulan,,https://raw.githubusercontent.com/devintropers97-afk/PROJECT-SITUNEO/refs/heads/main/layanan
Divisi 1 - Website & Pengembangan Sistem,Paket Kombinasi,Pertumbuhan E-Commerce,Toko Online + Payment Gateway + Iklan + Maintenance,,Rp 500.000/bulan,,https://raw.githubusercontent.com/devintropers97-afk/PROJECT-SITUNEO/refs/heads/main/layanan
Divisi 2 - Digital Marketing & Traffic Growth,Layanan Utama,Optimasi SEO (Dasar),Meningkatkan peringkat website di Google,,Rp 200.000/bulan,,https://raw.githubusercontent.com/devintropers97-afk/PROJECT-SITUNEO/refs/heads/main/layanan
Divisi 2 - Digital Marketing & Traffic Growth,Layanan Utama,Optimasi SEO (Premium),"Riset kata kunci, on/off page, backlink, laporan bulanan",,Rp 600.000/bulan,,https://raw.githubusercontent.com/devintropers97-afk/PROJECT-SITUNEO/refs/heads/main/layanan
Divisi 2 - Digital Marketing & Traffic Growth,Layanan Utama,Manajemen Iklan Google,"Search, Display, Remarketing (termasuk setup & laporan)",,Mulai Rp 400.000/bulan,,https://raw.githubusercontent.com/devintropers97-afk/PROJECT-SITUNEO/refs/heads/main/layanan
Divisi 2 - Digital Marketing & Traffic Growth,Layanan Utama,Meta Ads (Facebook & Instagram),"Strategi, eksekusi, optimasi, laporan",,Rp 400.000/bulan,,https://raw.githubusercontent.com/devintropers97-afk/PROJECT-SITUNEO/refs/heads/main/layanan
Divisi 2 - Digital Marketing & Traffic Growth,Layanan Utama,Manajemen Iklan TikTok,Strategi konten hingga laporan konversi,,Rp 400.000/bulan,,https://raw.githubusercontent.com/devintropers97-afk/PROJECT-SITUNEO/refs/heads/main/layanan
Divisi 2 - Digital Marketing & Traffic Growth,Layanan Utama,Google My Business (Lokal),Optimasi kata kunci lokal & ulasan,Rp 250.000,,,https://raw.githubusercontent.com/devintropers97-afk/PROJECT-SITUNEO/refs/heads/main/layanan
Divisi 2 - Digital Marketing & Traffic Growth,Layanan Utama,WhatsApp Blast (Siaran Massal),Sistem kirim massal ke ribuan nomor,,Rp 250.000/bulan,,https://raw.githubusercontent.com/devintropers97-afk/PROJECT-SITUNEO/refs/heads/main/layanan
Divisi 2 - Digital Marketing & Traffic Growth,Layanan Utama,Otomatisasi Pemasaran Email,Email promo otomatis + segmentasi,,Rp 200.000/bulan,,https://raw.githubusercontent.com/devintropers97-afk/PROJECT-SITUNEO/refs/heads/main/layanan
Divisi 2 - Digital Marketing & Traffic Growth,Layanan Utama,Retargeting / Remarketing,Menarget audiens yang pernah berinteraksi,,Rp 300.000/bulan,,https://raw.githubusercontent.com/devintropers97-afk/PROJECT-SITUNEO/refs/heads/main/layanan
Divisi 2 - Digital Marketing & Traffic Growth,Strategi & Optimasi,Rencana Pertumbuhan Lalu Lintas,"Kombinasi SEO, iklan, & konten sosial",,Rp 500.000/bulan,,https://raw.githubusercontent.com/devintropers97-afk/PROJECT-SITUNEO/refs/heads/main/layanan
Divisi 2 - Digital Marketing & Traffic Growth,Strategi & Optimasi,Riset Kata Kunci & Pesaing,Analisis pesaing & kata kunci terbaik,Rp 200.000,,,https://raw.githubusercontent.com/devintropers97-afk/PROJECT-SITUNEO/refs/heads/main/layanan
Divisi 2 - Digital Marketing & Traffic Growth,Strategi & Optimasi,Penargetan Audiens AI,Segmentasi audiens berbasis AI,Rp 300.000,,,https://raw.githubusercontent.com/devintropers97-afk/PROJECT-SITUNEO/refs/heads/main/layanan
Divisi 2 - Digital Marketing & Traffic Growth,Strategi & Optimasi,Perencanaan Kampanye (3 Bulan),Rencana strategi digital 3 bulan,Rp 400.000,,,https://raw.githubusercontent.com/devintropers97-afk/PROJECT-SITUNEO/refs/heads/main/layanan
Divisi 2 - Digital Marketing & Traffic Growth,Strategi & Optimasi,Kampanye Kesadaran Merek,Membangun popularitas & kepercayaan brand,,Rp 500.000/bulan,,https://raw.githubusercontent.com/devintropers97-afk/PROJECT-SITUNEO/refs/heads/main/layanan
Divisi 2 - Digital Marketing & Traffic Growth,Paket Iklan,Paket Iklan Pemula,Meta Ads + Copywriting + Laporan,,Rp 400.000/bulan,,https://raw.githubusercontent.com/devintropers97-afk/PROJECT-SITUNEO/refs/heads/main/layanan
Divisi 2 - Digital Marketing & Traffic Growth,Paket Iklan,Paket Iklan Pertumbuhan,Meta Ads + Google Ads + SEO Dasar + Laporan,,Rp 750.000/bulan,,https://raw.githubusercontent.com/devintropers97-afk/PROJECT-SITUNEO/refs/heads/main/layanan
Divisi 2 - Digital Marketing & Traffic Growth,Paket Iklan,Paket Pemasaran Cerdas AI,Meta + TikTok + Retargeting + WhatsApp Blast + Integrasi CRM,,Rp 1.000.000/bulan,,https://raw.githubusercontent.com/devintropers97-afk/PROJECT-SITUNEO/refs/heads/main/layanan
Divisi 2 - Digital Marketing & Traffic Growth,Paket Iklan,Paket Bisnis Lokal,Google Bisnisku + SEO Lokal + WA Link,,Rp 300.000/bulan,,https://raw.githubusercontent.com/devintropers97-afk/PROJECT-SITUNEO/refs/heads/main/layanan
Divisi 2 - Digital Marketing & Traffic Growth,Paket Iklan,Penguat Lalu Lintas E-Commerce,Produk SEO + TikTok Ads + Google Shopping,,Rp 800.000/bulan,,https://raw.githubusercontent.com/devintropers97-afk/PROJECT-SITUNEO/refs/heads/main/layanan
Divisi 2 - Digital Marketing & Traffic Growth,Layanan Konten,Halaman Arahan Copywriting,Copy untuk landing page,Rp 150.000/halaman,,,https://raw.githubusercontent.com/devintropers97-afk/PROJECT-SITUNEO/refs/heads/main/layanan
Divisi 2 - Digital Marketing & Traffic Growth,Layanan Konten,Paket Pembuat Konten,"Foto produk, video reels, caption, strategi",Rp 500.000 – 1.000.000,/bulan,,https://raw.githubusercontent.com/devintropers97-afk/PROJECT-SITUNEO/refs/heads/main/layanan
Divisi 2 - Digital Marketing & Traffic Growth,Layanan Konten,Manajemen Media Sosial,"Kelola IG/FB, jadwal konten, interaksi",,Rp 400.000/bulan,,https://raw.githubusercontent.com/devintropers97-afk/PROJECT-SITUNEO/refs/heads/main/layanan
Divisi 2 - Digital Marketing & Traffic Growth,Layanan Konten,Perencana Konten (Bulanan),Kalender konten 30 hari,,Rp 200.000/bulan,,https://raw.githubusercontent.com/devintropers97-afk/PROJECT-SITUNEO/refs/heads/main/layanan
Divisi 2 - Digital Marketing & Traffic Growth,Layanan Konten,Iklan Banner & Desain Promosi,Desain feed/story/carousel/banner,Rp 100.000–300.000/set,,,https://raw.githubusercontent.com/devintropers97-afk/PROJECT-SITUNEO/refs/heads/main/layanan
Divisi 3 - Otomasi & Sistem AI,Layanan Utama,Chatbot AI (WA / Web / IG),Chatbot pintar untuk otomatisasi respon & promo,,Basic Rp 300.000/bln; Premium Rp 600.000/bln,,https://raw.githubusercontent.com/devintropers97-afk/PROJECT-SITUNEO/refs/heads/main/layanan
Divisi 3 - Otomasi & Sistem AI,Layanan Utama,Sistem CRM,"Pengelolaan pelanggan, tindak lanjut otomatis",Basic Rp 500.000,Custom Rp 1.000.000,,https://raw.githubusercontent.com/devintropers97-afk/PROJECT-SITUNEO/refs/heads/main/layanan
Divisi 3 - Otomasi & Sistem AI,Layanan Utama,WhatsApp Blast Otomatis,Kirim massal otomatis,,Rp 250.000/bulan,,https://raw.githubusercontent.com/devintropers97-afk/PROJECT-SITUNEO/refs/heads/main/layanan
Divisi 3 - Otomasi & Sistem AI,Layanan Utama,Sistem Otomatisasi Email,Email promosi/ notifikasi otomatis,,Rp 200.000/bulan,,https://raw.githubusercontent.com/devintropers97-afk/PROJECT-SITUNEO/refs/heads/main/layanan
Divisi 3 - Otomasi & Sistem AI,Layanan Utama,Dasbor Bisnis AI,Dashboard data penjualan/trafik/lead,Rp 500.000 – 1.000.000,,,https://raw.githubusercontent.com/devintropers97-afk/PROJECT-SITUNEO/refs/heads/main/layanan
Divisi 3 - Otomasi & Sistem AI,Layanan Utama,Integrasi Web+CRM+Chatbot,Konversi lead otomatis ke CRM,Rp 800.000,,,https://raw.githubusercontent.com/devintropers97-afk/PROJECT-SITUNEO/refs/heads/main/layanan
Divisi 3 - Otomasi & Sistem AI,Layanan Utama,Lead Nurturing Otomatis,Tindak lanjut prospek otomatis,,Rp 300.000/bulan,,https://raw.githubusercontent.com/devintropers97-afk/PROJECT-SITUNEO/refs/heads/main/layanan
Divisi 3 - Otomasi & Sistem AI,Layanan Utama,Otomatisasi Pemesanan/Janji Temu,Sistem reservasi/booking otomatis,Rp 250.000,,,https://raw.githubusercontent.com/devintropers97-afk/PROJECT-SITUNEO/refs/heads/main/layanan
Divisi 3 - Otomasi & Sistem AI,Add-On,Pelatihan Asisten AI (Chatbot),Kustomisasi gaya bicara & pengetahuan,Rp 250.000 (setup),,,https://raw.githubusercontent.com/devintropers97-afk/PROJECT-SITUNEO/refs/heads/main/layanan
Divisi 3 - Otomasi & Sistem AI,Add-On,Integrasi API,"Google Sheet, Website, Meta, WooCommerce, dll",Rp 300.000–800.000,,,https://raw.githubusercontent.com/devintropers97-afk/PROJECT-SITUNEO/refs/heads/main/layanan
Divisi 3 - Otomasi & Sistem AI,Add-On,Peramalan Penjualan AI,Prediksi penjualan berbasis AI,,Rp 500.000/bulan,,https://raw.githubusercontent.com/devintropers97-afk/PROJECT-SITUNEO/refs/heads/main/layanan
Divisi 3 - Otomasi & Sistem AI,Add-On,Distribusi Prospek Otomatis,Auto assignment ke tim sales,,Rp 250.000/bulan,,https://raw.githubusercontent.com/devintropers97-afk/PROJECT-SITUNEO/refs/heads/main/layanan
Divisi 3 - Otomasi & Sistem AI,Add-On,Dasbor Obrolan Multi-Agen,Tampilan chat untuk tim support,,Rp 300.000/bulan,,https://raw.githubusercontent.com/devintropers97-afk/PROJECT-SITUNEO/refs/heads/main/layanan
Divisi 3 - Otomasi & Sistem AI,Add-On,Keamanan & Backup Data,Backup otomatis + enkripsi,,Rp 200.000/bulan,,https://raw.githubusercontent.com/devintropers97-afk/PROJECT-SITUNEO/refs/heads/main/layanan
Divisi 3 - Otomasi & Sistem AI,Paket Kombinasi,Paket Pemula Otomatisasi,Chatbot AI + WhatsApp Blast + CRM Dasar,,Rp 700.000/bulan,,https://raw.githubusercontent.com/devintropers97-afk/PROJECT-SITUNEO/refs/heads/main/layanan
Divisi 3 - Otomasi & Sistem AI,Paket Kombinasi,Paket Bisnis Cerdas AI,CRM + Chatbot Premium + Dasbor Analitik,,Rp 1.200.000/bulan,,https://raw.githubusercontent.com/devintropers97-afk/PROJECT-SITUNEO/refs/heads/main/layanan
Divisi 3 - Otomasi & Sistem AI,Paket Kombinasi,Paket Pendorong Penjualan,Lead nurturing + CRM + pengingat pembayaran,,Rp 900.000/bulan,,https://raw.githubusercontent.com/devintropers97-afk/PROJECT-SITUNEO/refs/heads/main/layanan
Divisi 3 - Otomasi & Sistem AI,Paket Kombinasi,Paket Otomatisasi E-Commerce,Produk Chatbot + Integrasi Website + Faktur Otomatis,,Rp 1.000.000/bulan,,https://raw.githubusercontent.com/devintropers97-afk/PROJECT-SITUNEO/refs/heads/main/layanan
Divisi 3 - Otomasi & Sistem AI,Paket Kombinasi,Paket Otomasi Perusahaan,AI lengkap + CRM + Dasbor + API + Backup,,Rp 2.000.000/bulan,,https://raw.githubusercontent.com/devintropers97-afk/PROJECT-SITUNEO/refs/heads/main/layanan
Divisi 4 - Branding & Desain Kreatif,Layanan Utama,Desain Logo (Identitas Merek),3 konsep & revisi sampai puas,Basic: Rp 250.000; Premium: Rp 500.000,,,https://raw.githubusercontent.com/devintropers97-afk/PROJECT-SITUNEO/refs/heads/main/layanan
Divisi 4 - Branding & Desain Kreatif,Layanan Utama,Buku/Pedoman Brand,Brand guidelines lengkap,Rp 600.000–1.000.000,,,https://raw.githubusercontent.com/devintropers97-afk/PROJECT-SITUNEO/refs/heads/main/layanan
Divisi 4 - Branding & Desain Kreatif,Layanan Utama,Rebranding & Redesign Logo Lama,Penyegaran visual logo,Rp 350.000,,,https://raw.githubusercontent.com/devintropers97-afk/PROJECT-SITUNEO/refs/heads/main/layanan
Divisi 4 - Branding & Desain Kreatif,Layanan Utama,Stationery Set,"Kartu nama, kop surat, amplop, dll",Rp 250.000–400.000/set,,,https://raw.githubusercontent.com/devintropers97-afk/PROJECT-SITUNEO/refs/heads/main/layanan
Divisi 4 - Branding & Desain Kreatif,Layanan Utama,Template Feed & Story IG,Desain feed/story bulanan,Rp 300.000–500.000,/bulan,,https://raw.githubusercontent.com/devintropers97-afk/PROJECT-SITUNEO/refs/heads/main/layanan
Divisi 4 - Branding & Desain Kreatif,Layanan Utama,Desain Kemasan,"Label, box, pouch, dsb",Rp 350.000–800.000/desain,,,https://raw.githubusercontent.com/devintropers97-afk/PROJECT-SITUNEO/refs/heads/main/layanan
Divisi 4 - Branding & Desain Kreatif,Layanan Utama,Banner/Brosur/Flyer/Poster,Cetak/digital,Rp 150.000–400.000/desain,,,https://raw.githubusercontent.com/devintropers97-afk/PROJECT-SITUNEO/refs/heads/main/layanan
Divisi 4 - Branding & Desain Kreatif,Layanan Utama,Desain Profil Perusahaan,Company profile PDF/cetak,Rp 500.000–1.200.000,,,https://raw.githubusercontent.com/devintropers97-afk/PROJECT-SITUNEO/refs/heads/main/layanan
Divisi 4 - Branding & Desain Kreatif,Paket,Paket Branding Dasar,Logo + Kartu Nama + Banner Promosi,Rp 400.000,,,https://raw.githubusercontent.com/devintropers97-afk/PROJECT-SITUNEO/refs/heads/main/layanan
Divisi 4 - Branding & Desain Kreatif,Paket,Kit Merek Profesional,Logo + Brand Guide + Stationery + Template Feed,Rp 800.000,,,https://raw.githubusercontent.com/devintropers97-afk/PROJECT-SITUNEO/refs/heads/main/layanan
Divisi 4 - Branding & Desain Kreatif,Paket,Paket Identitas Perusahaan Premium,Logo + Brand Guide + Company Profile + Brosur + Mockup,Rp 1.500.000,,,https://raw.githubusercontent.com/devintropers97-afk/PROJECT-SITUNEO/refs/heads/main/layanan
Divisi 4 - Branding & Desain Kreatif,Paket,Paket Branding Produk,Logo + Kemasan + Banner + Katalog Produk,Rp 1.000.000,,,https://raw.githubusercontent.com/devintropers97-afk/PROJECT-SITUNEO/refs/heads/main/layanan
Divisi 4 - Branding & Desain Kreatif,Paket,Paket Rebranding & Penyegaran,Modernisasi visual + tone & style,Rp 900.000,,,https://raw.githubusercontent.com/devintropers97-afk/PROJECT-SITUNEO/refs/heads/main/layanan
Divisi 4 - Branding & Desain Kreatif,Tambahan,Video Reel / Promo Produk,Durasi 15–60 detik,Rp 300.000–700.000/video,,,https://raw.githubusercontent.com/devintropers97-afk/PROJECT-SITUNEO/refs/heads/main/layanan
Divisi 4 - Branding & Desain Kreatif,Tambahan,Brand Voice & Copywriting,Panduan suara merek,Rp 200.000,,,https://raw.githubusercontent.com/devintropers97-afk/PROJECT-SITUNEO/refs/heads/main/layanan
Divisi 4 - Branding & Desain Kreatif,Tambahan,Produk Mockup (3D Preview),Mockup produk,Rp 150.000/mockup,,,https://raw.githubusercontent.com/devintropers97-afk/PROJECT-SITUNEO/refs/heads/main/layanan
Divisi 4 - Branding & Desain Kreatif,Tambahan,Pemotretan Mini,5–10 foto per sesi,Rp 400.000–800.000/sesi,,,https://raw.githubusercontent.com/devintropers97-afk/PROJECT-SITUNEO/refs/heads/main/layanan
Divisi 4 - Branding & Desain Kreatif,Tambahan,Iklan Banner Digital,"Google, Meta, TikTok",Rp 150.000–300.000/set,,,https://raw.githubusercontent.com/devintropers97-afk/PROJECT-SITUNEO/refs/heads/main/layanan
Divisi 4 - Branding & Desain Kreatif,Tambahan,Desain Merchandise,"Kaos, tote-bag, mug",Rp 250.000–400.000/desain,,,https://raw.githubusercontent.com/devintropers97-afk/PROJECT-SITUNEO/refs/heads/main/layanan
Divisi 4 - Branding & Desain Kreatif,Tambahan,Audit Merek & Analisis Posisi,Audit & rekomendasi,Rp 300.000,,,https://raw.githubusercontent.com/devintropers97-afk/PROJECT-SITUNEO/refs/heads/main/layanan
Divisi 4 - Branding & Desain Kreatif,Tambahan,Konsultasi Branding (1 jam),Via Zoom,Rp 150.000/sesi,,,https://raw.githubusercontent.com/devintropers97-afk/PROJECT-SITUNEO/refs/heads/main/layanan
Divisi 4 - Branding & Desain Kreatif,Tambahan,Dokumen Strategi Merek,Dokumen strategi tertulis,Rp 500.000,,,https://raw.githubusercontent.com/devintropers97-afk/PROJECT-SITUNEO/refs/heads/main/layanan
Divisi 5 - Konten & Copywriting,Layanan,Landing Page Copywriting,Copy landing page,Rp 150.000/halaman,,,https://raw.githubusercontent.com/devintropers97-afk/PROJECT-SITUNEO/refs/heads/main/layanan
Divisi 5 - Konten & Copywriting,Layanan,Artikel SEO (500–700 kata),Artikel SEO,Rp 75.000/artikel,,,https://raw.githubusercontent.com/devintropers97-afk/PROJECT-SITUNEO/refs/heads/main/layanan
Divisi 5 - Konten & Copywriting,Layanan,Artikel SEO (1000–1500 kata),Artikel SEO mendalam,Rp 120.000/artikel,,,https://raw.githubusercontent.com/devintropers97-afk/PROJECT-SITUNEO/refs/heads/main/layanan
Divisi 5 - Konten & Copywriting,Layanan,Caption Media Sosial,Per caption / paket 30 caption,Rp 10.000/caption,Rp 250.000/30 caption,,https://raw.githubusercontent.com/devintropers97-afk/PROJECT-SITUNEO/refs/heads/main/layanan
Divisi 5 - Konten & Copywriting,Layanan,Copywriting Iklan (Meta/Google/TikTok),Teks untuk kampanye,Rp 150.000/kampanye,,,https://raw.githubusercontent.com/devintropers97-afk/PROJECT-SITUNEO/refs/heads/main/layanan
Divisi 5 - Konten & Copywriting,Layanan,Deskripsi Produk E-commerce,Per produk / paket 30,Rp 15.000/produk,Rp 300.000/30 produk,,https://raw.githubusercontent.com/devintropers97-afk/PROJECT-SITUNEO/refs/heads/main/layanan
Divisi 5 - Konten & Copywriting,Layanan,Penulisan Profil Perusahaan,Company profile text,Rp 300.000–600.000,,,https://raw.githubusercontent.com/devintropers97-afk/PROJECT-SITUNEO/refs/heads/main/layanan
Divisi 5 - Konten & Copywriting,Layanan,Email Marketing Copy,Per email / paket 5 email,Rp 100.000/email,Rp 250.000/5 email,,https://raw.githubusercontent.com/devintropers97-afk/PROJECT-SITUNEO/refs/heads/main/layanan
Divisi 5 - Konten & Copywriting,Paket,Paket Konten Dasar,5 artikel SEO + 10 caption IG,Rp 400.000,,,https://raw.githubusercontent.com/devintropers97-afk/PROJECT-SITUNEO/refs/heads/main/layanan
Divisi 5 - Konten & Copywriting,Paket,Paket Pertumbuhan Bisnis,10 artikel + 20 caption + copy iklan,Rp 700.000,,,https://raw.githubusercontent.com/devintropers97-afk/PROJECT-SITUNEO/refs/heads/main/layanan
Divisi 5 - Konten & Copywriting,Paket,Paket Konten Merek Lengkap,15 artikel + 30 caption + 2 landing page,Rp 1.200.000,,,https://raw.githubusercontent.com/devintropers97-afk/PROJECT-SITUNEO/refs/heads/main/layanan
Divisi 5 - Konten & Copywriting,Paket,Paket Strategi Konten Premium,Riset + planning + 10 artikel + analitik,Rp 1.000.000,,,https://raw.githubusercontent.com/devintropers97-afk/PROJECT-SITUNEO/refs/heads/main/layanan
Divisi 5 - Konten & Copywriting,Paket,Paket Salinan E-Commerce,50 deskripsi produk + copy iklan + banner text,Rp 700.000,,,https://raw.githubusercontent.com/devintropers97-afk/PROJECT-SITUNEO/refs/heads/main/layanan
Divisi 5 - Konten & Copywriting,Add-On,Riset Kata Kunci SEO,Keyword research,Rp 150.000,,,https://raw.githubusercontent.com/devintropers97-afk/PROJECT-SITUNEO/refs/heads/main/layanan
Divisi 5 - Konten & Copywriting,Add-On,Optimasi SEO Artikel On-Page,Optimasi 10 artikel,,Rp 100.000/10 artikel,,https://raw.githubusercontent.com/devintropers97-afk/PROJECT-SITUNEO/refs/heads/main/layanan
Divisi 5 - Konten & Copywriting,Add-On,Desain Konten Visual,Canva/Feed IG,,Rp 250.000/bulan,,https://raw.githubusercontent.com/devintropers97-afk/PROJECT-SITUNEO/refs/heads/main/layanan
Divisi 5 - Konten & Copywriting,Add-On,Optimasi Konten AI,Optimasi berbantuan AI,,Rp 100.000/bulan,,https://raw.githubusercontent.com/devintropers97-afk/PROJECT-SITUNEO/refs/heads/main/layanan
Divisi 5 - Konten & Copywriting,Add-On,Kalender Editorial (3 bulan),Perencanaan 3 bulan,Rp 400.000,,,https://raw.githubusercontent.com/devintropers97-afk/PROJECT-SITUNEO/refs/heads/main/layanan
"Divisi 6 - Data, Analitik & Optimasi",Layanan,Setup & Pelaporan GA4,Setup + reporting,Rp 250.000,,,https://raw.githubusercontent.com/devintropers97-afk/PROJECT-SITUNEO/refs/heads/main/layanan
"Divisi 6 - Data, Analitik & Optimasi",Layanan,"Pelacakan Konversi (Meta Pixel, TikTok, GTM)",Tracking & events,Rp 200.000,,,https://raw.githubusercontent.com/devintropers97-afk/PROJECT-SITUNEO/refs/heads/main/layanan
"Divisi 6 - Data, Analitik & Optimasi",Layanan,Dasbor Insight Bisnis,Data Studio / Power BI,Rp 500.000–1.000.000,,,https://raw.githubusercontent.com/devintropers97-afk/PROJECT-SITUNEO/refs/heads/main/layanan
"Divisi 6 - Data, Analitik & Optimasi",Layanan,Analisis Bisnis AI,"Prediksi, tren",,Rp 800.000/bulan,,https://raw.githubusercontent.com/devintropers97-afk/PROJECT-SITUNEO/refs/heads/main/layanan
"Divisi 6 - Data, Analitik & Optimasi",Layanan,Audit Optimasi Kinerja,Audit menyeluruh,Rp 400.000,,,https://raw.githubusercontent.com/devintropers97-afk/PROJECT-SITUNEO/refs/heads/main/layanan
"Divisi 6 - Data, Analitik & Optimasi",Layanan,A/B Testing & CRO,Eksperimen & optimasi konversi,,Rp 300.000/bulan,,https://raw.githubusercontent.com/devintropers97-afk/PROJECT-SITUNEO/refs/heads/main/layanan
"Divisi 6 - Data, Analitik & Optimasi",Analitik Data,Analisis Perilaku Pelanggan,Customer behavior analysis,Rp 400.000,,,https://raw.githubusercontent.com/devintropers97-afk/PROJECT-SITUNEO/refs/heads/main/layanan
"Divisi 6 - Data, Analitik & Optimasi",Analitik Data,Pelacakan Corong Penjualan,Funnel tracking,Rp 300.000,,,https://raw.githubusercontent.com/devintropers97-afk/PROJECT-SITUNEO/refs/heads/main/layanan
"Divisi 6 - Data, Analitik & Optimasi",Analitik Data,Heatmap & Journey Mapping,Analisis interaksi pengguna,Rp 400.000,,,https://raw.githubusercontent.com/devintropers97-afk/PROJECT-SITUNEO/refs/heads/main/layanan
"Divisi 6 - Data, Analitik & Optimasi",Analitik Data,Analisis Prediktif,Prediksi berbasis data,,Rp 600.000/bulan,,https://raw.githubusercontent.com/devintropers97-afk/PROJECT-SITUNEO/refs/heads/main/layanan
"Divisi 6 - Data, Analitik & Optimasi",Analitik Data,Analisis ROI & Efisiensi Biaya,ROI analysis,Rp 250.000,,,https://raw.githubusercontent.com/devintropers97-afk/PROJECT-SITUNEO/refs/heads/main/layanan
"Divisi 6 - Data, Analitik & Optimasi",Optimasi,Optimasi SEO (Lanjutan),Advanced SEO optimization,,Rp 300.000/bulan,,https://raw.githubusercontent.com/devintropers97-afk/PROJECT-SITUNEO/refs/heads/main/layanan
"Divisi 6 - Data, Analitik & Optimasi",Optimasi,"Optimasi Iklan (Meta, Google, TikTok)",Ad optimization,,Rp 350.000/bulan,,https://raw.githubusercontent.com/devintropers97-afk/PROJECT-SITUNEO/refs/heads/main/layanan
"Divisi 6 - Data, Analitik & Optimasi",Optimasi,Optimasi Konversi Website,CRO website,,Rp 400.000/bulan,,https://raw.githubusercontent.com/devintropers97-afk/PROJECT-SITUNEO/refs/heads/main/layanan
"Divisi 6 - Data, Analitik & Optimasi",Optimasi,Penganalisis Kinerja Konten AI,Content performance analyzer,,Rp 200.000/bulan,,https://raw.githubusercontent.com/devintropers97-afk/PROJECT-SITUNEO/refs/heads/main/layanan
"Divisi 6 - Data, Analitik & Optimasi",Optimasi,Rencana Strategi Data (3 bulan),Strategy plan,Rp 500.000,,,https://raw.githubusercontent.com/devintropers97-afk/PROJECT-SITUNEO/refs/heads/main/layanan
"Divisi 7 - Legalitas, Domain & Infrastruktur",Layanan,Pendaftaran Domain (.com/.id/.net),Domain registration,,Rp 150.000–300.000/tahun,,https://raw.githubusercontent.com/devintropers97-afk/PROJECT-SITUNEO/refs/heads/main/layanan
"Divisi 7 - Legalitas, Domain & Infrastruktur",Layanan,Hosting Website (Shared/Cloud/VPS),Hosting management,,Rp 150.000–500.000/tahun,,https://raw.githubusercontent.com/devintropers97-afk/PROJECT-SITUNEO/refs/heads/main/layanan
"Divisi 7 - Legalitas, Domain & Infrastruktur",Layanan,Sertifikat SSL (HTTPS),Setup & renewal,,Rp 100.000–250.000/tahun,,https://raw.githubusercontent.com/devintropers97-afk/PROJECT-SITUNEO/refs/heads/main/layanan
"Divisi 7 - Legalitas, Domain & Infrastruktur",Layanan,Manajemen & Optimasi Server,"cPanel, Plesk, Cloudflare",Rp 300.000–800.000,,,https://raw.githubusercontent.com/devintropers97-afk/PROJECT-SITUNEO/refs/heads/main/layanan
"Divisi 7 - Legalitas, Domain & Infrastruktur",Layanan,Penerapan Cloud,AWS / Google Cloud / DigitalOcean,Rp 700.000–1.200.000,,,https://raw.githubusercontent.com/devintropers97-afk/PROJECT-SITUNEO/refs/heads/main/layanan
"Divisi 7 - Legalitas, Domain & Infrastruktur",Layanan,Backup & Recovery,Sistem cadangan & pemulihan,,Rp 150.000/bulan,,https://raw.githubusercontent.com/devintropers97-afk/PROJECT-SITUNEO/refs/heads/main/layanan
"Divisi 7 - Legalitas, Domain & Infrastruktur",Layanan,Email Bisnis,Email @domain,,Rp 100.000–200.000/akun/tahun,,https://raw.githubusercontent.com/devintropers97-afk/PROJECT-SITUNEO/refs/heads/main/layanan
"Divisi 7 - Legalitas, Domain & Infrastruktur",Layanan,Migrasi Website,Migrasi situs,Rp 250.000,,,https://raw.githubusercontent.com/devintropers97-afk/PROJECT-SITUNEO/refs/heads/main/layanan
"Divisi 7 - Legalitas, Domain & Infrastruktur",Layanan,Firewall & Anti-DDoS,Keamanan jaringan,Rp 300.000–600.000,,,https://raw.githubusercontent.com/devintropers97-afk/PROJECT-SITUNEO/refs/heads/main/layanan
"Divisi 7 - Legalitas, Domain & Infrastruktur",Layanan,Pemantauan Keamanan 24 jam,Monitoring keamanan,,Rp 200.000/bulan,,https://raw.githubusercontent.com/devintropers97-afk/PROJECT-SITUNEO/refs/heads/main/layanan
"Divisi 7 - Legalitas, Domain & Infrastruktur",Layanan,Pembersihan Malware & Virus,Cleanup insiden,Rp 250.000–500.000,,,https://raw.githubusercontent.com/devintropers97-afk/PROJECT-SITUNEO/refs/heads/main/layanan
"Divisi 7 - Legalitas, Domain & Infrastruktur",Layanan,Perlindungan Brute Force,Anti brute force,Rp 150.000,,,https://raw.githubusercontent.com/devintropers97-afk/PROJECT-SITUNEO/refs/heads/main/layanan
"Divisi 7 - Legalitas, Domain & Infrastruktur",Layanan,Audit & Penguatan Keamanan,Security hardening,Rp 400.000–800.000,,,https://raw.githubusercontent.com/devintropers97-afk/PROJECT-SITUNEO/refs/heads/main/layanan
"Divisi 7 - Legalitas, Domain & Infrastruktur",Legalitas,Pembuatan NIB,Nomor Induk Berusaha,Rp 350.000,,,https://raw.githubusercontent.com/devintropers97-afk/PROJECT-SITUNEO/refs/heads/main/layanan
"Divisi 7 - Legalitas, Domain & Infrastruktur",Legalitas,Legalitas Bisnis Online,E-Commerce / Freelancer / Agensi,Rp 500.000–1.000.000,,,https://raw.githubusercontent.com/devintropers97-afk/PROJECT-SITUNEO/refs/heads/main/layanan
"Divisi 7 - Legalitas, Domain & Infrastruktur",Legalitas,Kebijakan Privasi & Ketentuan,Generator dokumen,Rp 150.000,,,https://raw.githubusercontent.com/devintropers97-afk/PROJECT-SITUNEO/refs/heads/main/layanan
"Divisi 7 - Legalitas, Domain & Infrastruktur",Legalitas,Pendaftaran Merek Dagang (Konsultasi),Bantuan proses,Rp 1.000.000–2.500.000,,,https://raw.githubusercontent.com/devintropers97-afk/PROJECT-SITUNEO/refs/heads/main/layanan
"Divisi 7 - Legalitas, Domain & Infrastruktur",Legalitas,Draft Perjanjian Kerja Sama / Vendor / Reseller,Pembuatan draf,Rp 300.000–800.000,,,https://raw.githubusercontent.com/devintropers97-afk/PROJECT-SITUNEO/refs/heads/main/layanan
"Divisi 7 - Legalitas, Domain & Infrastruktur",Legalitas,Pembuatan PT / CV / Yayasan Digital,Registrasi badan usaha,Rp 1.500.000–3.000.000,,,https://raw.githubusercontent.com/devintropers97-afk/PROJECT-SITUNEO/refs/heads/main/layanan
"Divisi 7 - Legalitas, Domain & Infrastruktur",Paket,Paket Web Pemula,Domain .com + Hosting Dasar + SSL,Rp 350.000/tahun,,,https://raw.githubusercontent.com/devintropers97-afk/PROJECT-SITUNEO/refs/heads/main/layanan
"Divisi 7 - Legalitas, Domain & Infrastruktur",Paket,Paket Web Aman,Domain .com + Hosting + SSL + Backup + Scan Keamanan,Rp 550.000/tahun,,,https://raw.githubusercontent.com/devintropers97-afk/PROJECT-SITUNEO/refs/heads/main/layanan
"Divisi 7 - Legalitas, Domain & Infrastruktur",Paket,Paket Cloud Bisnis,Domain .id + Cloud Hosting + SSL + Email Bisnis + Firewall,Rp 900.000/tahun,,,https://raw.githubusercontent.com/devintropers97-afk/PROJECT-SITUNEO/refs/heads/main/layanan
"Divisi 7 - Legalitas, Domain & Infrastruktur",Paket,Paket Keamanan Pro,Firewall + Monitoring Real-time + Backup + Audit,Rp 600.000/tahun,,,https://raw.githubusercontent.com/devintropers97-afk/PROJECT-SITUNEO/refs/heads/main/layanan
"Divisi 7 - Legalitas, Domain & Infrastruktur",Paket,Paket Infrastruktur + Hukum Lengkap,Domain + Hosting + SSL + NIB + Dokumen Hukum,Rp 1.000.000–1.500.000/tahun,,,https://raw.githubusercontent.com/devintropers97-afk/PROJECT-SITUNEO/refs/heads/main/layanan
Divisi 8 - Layanan Klien & CX,Layanan,Pusat Dukungan Pelanggan,Sistem chat & tiket,,Rp 250.000/bulan,,https://raw.githubusercontent.com/devintropers97-afk/PROJECT-SITUNEO/refs/heads/main/layanan
Divisi 8 - Layanan Klien & CX,Layanan,Chatbot Otomatis (Dukungan AI),Dukungan AI,Rp 300.000–700.000,,,https://raw.githubusercontent.com/devintropers97-afk/PROJECT-SITUNEO/refs/heads/main/layanan
Divisi 8 - Layanan Klien & CX,Layanan,Dukungan Purna Jual & Pemeliharaan,Support berkelanjutan,,Rp 200.000/bulan,,https://raw.githubusercontent.com/devintropers97-afk/PROJECT-SITUNEO/refs/heads/main/layanan
Divisi 8 - Layanan Klien & CX,Layanan,Sistem Tiket & Tracking,Sistem pelacakan klien,Rp 250.000,,,https://raw.githubusercontent.com/devintropers97-afk/PROJECT-SITUNEO/refs/heads/main/layanan
Divisi 8 - Layanan Klien & CX,Layanan,Konsultasi & Strategi Bisnis Digital (1-on-1),Sesi konsultasi,Rp 300.000/sesi,,,https://raw.githubusercontent.com/devintropers97-afk/PROJECT-SITUNEO/refs/heads/main/layanan
Divisi 8 - Layanan Klien & CX,Layanan,Program Orientasi Klien,Onboarding,Rp 150.000–300.000,,,https://raw.githubusercontent.com/devintropers97-afk/PROJECT-SITUNEO/refs/heads/main/layanan
Divisi 8 - Layanan Klien & CX,Layanan,Sistem Loyalitas & Rewards,Poin & cashback,Rp 500.000–1.000.000,,,https://raw.githubusercontent.com/devintropers97-afk/PROJECT-SITUNEO/refs/heads/main/layanan
Divisi 8 - Layanan Klien & CX,Sistem,CRM,Manajemen pelanggan,Rp 400.000–800.000,,,https://raw.githubusercontent.com/devintropers97-afk/PROJECT-SITUNEO/refs/heads/main/layanan
Divisi 8 - Layanan Klien & CX,Sistem,WhatsApp Blast,Siaran otomatis,,Rp 250.000/bulan,,https://raw.githubusercontent.com/devintropers97-afk/PROJECT-SITUNEO/refs/heads/main/layanan
Divisi 8 - Layanan Klien & CX,Sistem,Otomatisasi Email,"Follow-up, promo, reminder",,Rp 200.000/bulan,,https://raw.githubusercontent.com/devintropers97-afk/PROJECT-SITUNEO/refs/heads/main/layanan
Divisi 8 - Layanan Klien & CX,Sistem,Sistem Respons AI,Chat & email AI,,Rp 350.000/bulan,,https://raw.githubusercontent.com/devintropers97-afk/PROJECT-SITUNEO/refs/heads/main/layanan
Divisi 8 - Layanan Klien & CX,Sistem,Sistem Umpan Balik & Rating,Feedback system,Rp 150.000,,,https://raw.githubusercontent.com/devintropers97-afk/PROJECT-SITUNEO/refs/heads/main/layanan
Divisi 8 - Layanan Klien & CX,Monitoring & Analitik,Dasbor Pengalaman Pelanggan,Customer experience dashboard,Rp 500.000–800.000,,,https://raw.githubusercontent.com/devintropers97-afk/PROJECT-SITUNEO/refs/heads/main/layanan
Divisi 8 - Layanan Klien & CX,Monitoring & Analitik,Wawasan Data Pelanggan,Perilaku & retensi,,Rp 400.000/bulan,,https://raw.githubusercontent.com/devintropers97-afk/PROJECT-SITUNEO/refs/heads/main/layanan
Divisi 8 - Layanan Klien & CX,Monitoring & Analitik,Laporan Churn & Loyalitas,Pelaporan bulanan,,Rp 300.000/bulan,,https://raw.githubusercontent.com/devintropers97-afk/PROJECT-SITUNEO/refs/heads/main/layanan
Divisi 8 - Layanan Klien & CX,Monitoring & Analitik,Analisis Sentimen AI,Analisis sentimen pelanggan,,Rp 400.000/bulan,,https://raw.githubusercontent.com/devintropers97-afk/PROJECT-SITUNEO/refs/heads/main/layanan
Divisi 8 - Layanan Klien & CX,Paket,Paket Dukungan Dasar,Tiket + Chat + Laporan,,Rp 350.000/bulan,,https://raw.githubusercontent.com/devintropers97-afk/PROJECT-SITUNEO/refs/heads/main/layanan
Divisi 8 - Layanan Klien & CX,Paket,Paket Dukungan AI,Chatbot + Email Otomatis + CRM,,Rp 800.000/bulan,,https://raw.githubusercontent.com/devintropers97-afk/PROJECT-SITUNEO/refs/heads/main/layanan
Divisi 8 - Layanan Klien & CX,Paket,Paket Wawasan CX,Dasbor + Sentimen AI + Loyalitas,,Rp 1.000.000/bulan,,https://raw.githubusercontent.com/devintropers97-afk/PROJECT-SITUNEO/refs/heads/main/layanan
Divisi 8 - Layanan Klien & CX,Paket,Paket Pelanggan Premium,Support penuh + CRM + Chatbot + AI + Loyalty,,Rp 1.800.000/bulan,,https://raw.githubusercontent.com/devintropers97-afk/PROJECT-SITUNEO/refs/heads/main/layanan
Divisi 9 - Edukasi & Pelatihan,Layanan,Digital Marketing 101,Pelatihan dasar,Rp 350.000/sesi,,,https://raw.githubusercontent.com/devintropers97-afk/PROJECT-SITUNEO/refs/heads/main/layanan
Divisi 9 - Edukasi & Pelatihan,Layanan,Workshop AI Tools & Otomasi,Workshop praktik,Rp 500.000/sesi,,,https://raw.githubusercontent.com/devintropers97-afk/PROJECT-SITUNEO/refs/heads/main/layanan
Divisi 9 - Edukasi & Pelatihan,Layanan,Manajemen Website & CMS,Pelatihan CMS,Rp 300.000/sesi,,,https://raw.githubusercontent.com/devintropers97-afk/PROJECT-SITUNEO/refs/heads/main/layanan
Divisi 9 - Edukasi & Pelatihan,Layanan,Strategi Pertumbuhan Bisnis Digital,UMKM & Startup,Rp 400.000/sesi,,,https://raw.githubusercontent.com/devintropers97-afk/PROJECT-SITUNEO/refs/heads/main/layanan
Divisi 9 - Edukasi & Pelatihan,Layanan,Data & Analitik Dasar,Pelatihan analitik,Rp 350.000/sesi,,,https://raw.githubusercontent.com/devintropers97-afk/PROJECT-SITUNEO/refs/heads/main/layanan
Divisi 9 - Edukasi & Pelatihan,Layanan,Pelatihan Tim Perusahaan,In-house training,Rp 1.000.000–2.500.000/sesi,,,https://raw.githubusercontent.com/devintropers97-afk/PROJECT-SITUNEO/refs/heads/main/layanan
Divisi 9 - Edukasi & Pelatihan,Layanan,Kelas Online Mandiri,E-learning,Rp 150.000/kursus,,,https://raw.githubusercontent.com/devintropers97-afk/PROJECT-SITUNEO/refs/heads/main/layanan
Divisi 9 - Edukasi & Pelatihan,Sertifikasi,Sertifikasi Pemasaran Digital,Sertifikasi profesional,Rp 250.000,,,https://raw.githubusercontent.com/devintropers97-afk/PROJECT-SITUNEO/refs/heads/main/layanan
Divisi 9 - Edukasi & Pelatihan,Sertifikasi,Sertifikasi Spesialis Otomasi AI,Sertifikasi spesialis,Rp 300.000,,,https://raw.githubusercontent.com/devintropers97-afk/PROJECT-SITUNEO/refs/heads/main/layanan
Divisi 9 - Edukasi & Pelatihan,Sertifikasi,Praktisi Data & Analisis,Sertifikasi,Rp 250.000,,,https://raw.githubusercontent.com/devintropers97-afk/PROJECT-SITUNEO/refs/heads/main/layanan
Divisi 9 - Edukasi & Pelatihan,Pendampingan,Program Pendampingan Bisnis 30 Hari,Mentoring 30 hari,Rp 1.000.000–1.500.000,,,https://raw.githubusercontent.com/devintropers97-afk/PROJECT-SITUNEO/refs/heads/main/layanan
Divisi 9 - Edukasi & Pelatihan,Add-On,Video Tutorial Kustom,Untuk klien,Rp 200.000–400.000,,,https://raw.githubusercontent.com/devintropers97-afk/PROJECT-SITUNEO/refs/heads/main/layanan
Divisi 9 - Edukasi & Pelatihan,Add-On,Bimbingan 1-on-1 (Zoom),Per jam,Rp 250.000/jam,,,https://raw.githubusercontent.com/devintropers97-afk/PROJECT-SITUNEO/refs/heads/main/layanan
Divisi 9 - Edukasi & Pelatihan,Add-On,Modul Pelatihan Kustom (Branded),Modul perusahaan,Rp 500.000–1.000.000,,,https://raw.githubusercontent.com/devintropers97-afk/PROJECT-SITUNEO/refs/heads/main/layanan
Divisi 9 - Edukasi & Pelatihan,Add-On,Rekaman & E-Sertifikat Otomatis,Recording + e-cert,Rp 100.000,,,https://raw.githubusercontent.com/devintropers97-afk/PROJECT-SITUNEO/refs/heads/main/layanan
Divisi 9 - Edukasi & Pelatihan,Paket,Paket Pembelajaran Dasar,2 sesi + e-sertifikat,Rp 500.000,,,https://raw.githubusercontent.com/devintropers97-afk/PROJECT-SITUNEO/refs/heads/main/layanan
Divisi 9 - Edukasi & Pelatihan,Paket,Paket Pembelajaran Bisnis Pro,4 sesi + mentoring 1-on-1,Rp 900.000,,,https://raw.githubusercontent.com/devintropers97-afk/PROJECT-SITUNEO/refs/heads/main/layanan
Divisi 9 - Edukasi & Pelatihan,Paket,Paket Produktivitas AI,Workshop AI + pendampingan 30 hari,Rp 1.200.000,,,https://raw.githubusercontent.com/devintropers97-afk/PROJECT-SITUNEO/refs/heads/main/layanan
Divisi 9 - Edukasi & Pelatihan,Paket,Pelatihan Digital Perusahaan,Tim internal + modul khusus,Rp 2.500.000–3.500.000,,,https://raw.githubusercontent.com/devintropers97-afk/PROJECT-SITUNEO/refs/heads/main/layanan
"Divisi 10 - Kemitraan, Lisensi & Reseller",Program,Situs Web Reseller Program,Pendaftaran awal,Rp 500.000,,,https://raw.githubusercontent.com/devintropers97-afk/PROJECT-SITUNEO/refs/heads/main/layanan
"Divisi 10 - Kemitraan, Lisensi & Reseller",Program,Program Afiliasi Digital,Komisi 10–25%,Gratis pendaftaran,,,https://raw.githubusercontent.com/devintropers97-afk/PROJECT-SITUNEO/refs/heads/main/layanan
"Divisi 10 - Kemitraan, Lisensi & Reseller",Program,Lisensi Produk Digital SITUNEO,Lisensi produk,Rp 1.000.000–3.000.000,,,https://raw.githubusercontent.com/devintropers97-afk/PROJECT-SITUNEO/refs/heads/main/layanan
"Divisi 10 - Kemitraan, Lisensi & Reseller",Program,Kemitraan White Label,Branding ulang layanan,Rp 2.000.000–5.000.000,,,https://raw.githubusercontent.com/devintropers97-afk/PROJECT-SITUNEO/refs/heads/main/layanan
"Divisi 10 - Kemitraan, Lisensi & Reseller",Program,Konsultan / Agen Wilayah,Mitra regional,Rp 5.000.000–10.000.000,,,https://raw.githubusercontent.com/devintropers97-afk/PROJECT-SITUNEO/refs/heads/main/layanan
"Divisi 10 - Kemitraan, Lisensi & Reseller",Program,Mitra Korporat / Instansi,Negosiasi (custom pricing),,,,https://raw.githubusercontent.com/devintropers97-afk/PROJECT-SITUNEO/refs/heads/main/layanan
"Divisi 10 - Kemitraan, Lisensi & Reseller",Add-On,Katalog Reseller & Media Kit,Bahan promosi,Rp 150.000,,,https://raw.githubusercontent.com/devintropers97-afk/PROJECT-SITUNEO/refs/heads/main/layanan
"Divisi 10 - Kemitraan, Lisensi & Reseller",Add-On,Dasbor Reseller Online,Dashboard mitra,Rp 300.000,,,https://raw.githubusercontent.com/devintropers97-afk/PROJECT-SITUNEO/refs/heads/main/layanan
"Divisi 10 - Kemitraan, Lisensi & Reseller",Add-On,Pelatihan Reseller / Orientasi,Per sesi,Rp 200.000/sesi,,,https://raw.githubusercontent.com/devintropers97-afk/PROJECT-SITUNEO/refs/heads/main/layanan
"Divisi 10 - Kemitraan, Lisensi & Reseller",Add-On,Template Promosi (Canva / AI Copy),Akses template,Rp 100.000,,,https://raw.githubusercontent.com/devintropers97-afk/PROJECT-SITUNEO/refs/heads/main/layanan
"Divisi 10 - Kemitraan, Lisensi & Reseller",Add-On,White Label Setup,Pengaturan sistem label putih,Rp 500.000–1.000.000,,,https://raw.githubusercontent.com/devintropers97-afk/PROJECT-SITUNEO/refs/heads/main/layanan
